<application>
  <component name="FileTypeManager" version="19">
    <extensionMap>
      <mapping pattern="prompts_bk" type="AUTO_DETECTED" />
      <mapping pattern="globalDataEntity_bk" type="AUTO_DETECTED" />
      <mapping ext="rp" type="Native" />
      <mapping ext="srt" type="PLAIN_TEXT" />
      <mapping ext="plantuml" type="PlantUML file" />
      <removed_mapping ext="json" approved="true" type="JSON" />
      <removed_mapping ext="yaml" approved="true" type="YAML" />
    </extensionMap>
  </component>
</application>