<application>
  <component name="ProjectJdkTable">
    <jdk version="2">
      <name value="corretto-17" />
      <type value="JavaSDK" />
      <version value="java version &quot;17.0.10&quot;" />
      <homePath value="$USER_HOME$/.jdks/corretto-17.0.10" />
      <roots>
        <annotationsPath>
          <root type="composite">
            <root url="jar://$APPLICATION_HOME_DIR$/plugins/java/lib/resources/jdkAnnotations.jar!/" type="simple" />
          </root>
        </annotationsPath>
        <classPath>
          <root type="composite">
            <root url="jrt://$USER_HOME$/.jdks/corretto-17.0.10!/java.base" type="simple" />
            <root url="jrt://$USER_HOME$/.jdks/corretto-17.0.10!/java.compiler" type="simple" />
            <root url="jrt://$USER_HOME$/.jdks/corretto-17.0.10!/java.datatransfer" type="simple" />
            <root url="jrt://$USER_HOME$/.jdks/corretto-17.0.10!/java.desktop" type="simple" />
            <root url="jrt://$USER_HOME$/.jdks/corretto-17.0.10!/java.instrument" type="simple" />
            <root url="jrt://$USER_HOME$/.jdks/corretto-17.0.10!/java.logging" type="simple" />
            <root url="jrt://$USER_HOME$/.jdks/corretto-17.0.10!/java.management" type="simple" />
            <root url="jrt://$USER_HOME$/.jdks/corretto-17.0.10!/java.management.rmi" type="simple" />
            <root url="jrt://$USER_HOME$/.jdks/corretto-17.0.10!/java.naming" type="simple" />
            <root url="jrt://$USER_HOME$/.jdks/corretto-17.0.10!/java.net.http" type="simple" />
            <root url="jrt://$USER_HOME$/.jdks/corretto-17.0.10!/java.prefs" type="simple" />
            <root url="jrt://$USER_HOME$/.jdks/corretto-17.0.10!/java.rmi" type="simple" />
            <root url="jrt://$USER_HOME$/.jdks/corretto-17.0.10!/java.scripting" type="simple" />
            <root url="jrt://$USER_HOME$/.jdks/corretto-17.0.10!/java.se" type="simple" />
            <root url="jrt://$USER_HOME$/.jdks/corretto-17.0.10!/java.security.jgss" type="simple" />
            <root url="jrt://$USER_HOME$/.jdks/corretto-17.0.10!/java.security.sasl" type="simple" />
            <root url="jrt://$USER_HOME$/.jdks/corretto-17.0.10!/java.smartcardio" type="simple" />
            <root url="jrt://$USER_HOME$/.jdks/corretto-17.0.10!/java.sql" type="simple" />
            <root url="jrt://$USER_HOME$/.jdks/corretto-17.0.10!/java.sql.rowset" type="simple" />
            <root url="jrt://$USER_HOME$/.jdks/corretto-17.0.10!/java.transaction.xa" type="simple" />
            <root url="jrt://$USER_HOME$/.jdks/corretto-17.0.10!/java.xml" type="simple" />
            <root url="jrt://$USER_HOME$/.jdks/corretto-17.0.10!/java.xml.crypto" type="simple" />
            <root url="jrt://$USER_HOME$/.jdks/corretto-17.0.10!/jdk.accessibility" type="simple" />
            <root url="jrt://$USER_HOME$/.jdks/corretto-17.0.10!/jdk.attach" type="simple" />
            <root url="jrt://$USER_HOME$/.jdks/corretto-17.0.10!/jdk.charsets" type="simple" />
            <root url="jrt://$USER_HOME$/.jdks/corretto-17.0.10!/jdk.compiler" type="simple" />
            <root url="jrt://$USER_HOME$/.jdks/corretto-17.0.10!/jdk.crypto.cryptoki" type="simple" />
            <root url="jrt://$USER_HOME$/.jdks/corretto-17.0.10!/jdk.crypto.ec" type="simple" />
            <root url="jrt://$USER_HOME$/.jdks/corretto-17.0.10!/jdk.crypto.mscapi" type="simple" />
            <root url="jrt://$USER_HOME$/.jdks/corretto-17.0.10!/jdk.dynalink" type="simple" />
            <root url="jrt://$USER_HOME$/.jdks/corretto-17.0.10!/jdk.editpad" type="simple" />
            <root url="jrt://$USER_HOME$/.jdks/corretto-17.0.10!/jdk.hotspot.agent" type="simple" />
            <root url="jrt://$USER_HOME$/.jdks/corretto-17.0.10!/jdk.httpserver" type="simple" />
            <root url="jrt://$USER_HOME$/.jdks/corretto-17.0.10!/jdk.incubator.foreign" type="simple" />
            <root url="jrt://$USER_HOME$/.jdks/corretto-17.0.10!/jdk.incubator.vector" type="simple" />
            <root url="jrt://$USER_HOME$/.jdks/corretto-17.0.10!/jdk.internal.ed" type="simple" />
            <root url="jrt://$USER_HOME$/.jdks/corretto-17.0.10!/jdk.internal.jvmstat" type="simple" />
            <root url="jrt://$USER_HOME$/.jdks/corretto-17.0.10!/jdk.internal.le" type="simple" />
            <root url="jrt://$USER_HOME$/.jdks/corretto-17.0.10!/jdk.internal.opt" type="simple" />
            <root url="jrt://$USER_HOME$/.jdks/corretto-17.0.10!/jdk.internal.vm.ci" type="simple" />
            <root url="jrt://$USER_HOME$/.jdks/corretto-17.0.10!/jdk.internal.vm.compiler" type="simple" />
            <root url="jrt://$USER_HOME$/.jdks/corretto-17.0.10!/jdk.internal.vm.compiler.management" type="simple" />
            <root url="jrt://$USER_HOME$/.jdks/corretto-17.0.10!/jdk.jartool" type="simple" />
            <root url="jrt://$USER_HOME$/.jdks/corretto-17.0.10!/jdk.javadoc" type="simple" />
            <root url="jrt://$USER_HOME$/.jdks/corretto-17.0.10!/jdk.jcmd" type="simple" />
            <root url="jrt://$USER_HOME$/.jdks/corretto-17.0.10!/jdk.jconsole" type="simple" />
            <root url="jrt://$USER_HOME$/.jdks/corretto-17.0.10!/jdk.jdeps" type="simple" />
            <root url="jrt://$USER_HOME$/.jdks/corretto-17.0.10!/jdk.jdi" type="simple" />
            <root url="jrt://$USER_HOME$/.jdks/corretto-17.0.10!/jdk.jdwp.agent" type="simple" />
            <root url="jrt://$USER_HOME$/.jdks/corretto-17.0.10!/jdk.jfr" type="simple" />
            <root url="jrt://$USER_HOME$/.jdks/corretto-17.0.10!/jdk.jlink" type="simple" />
            <root url="jrt://$USER_HOME$/.jdks/corretto-17.0.10!/jdk.jpackage" type="simple" />
            <root url="jrt://$USER_HOME$/.jdks/corretto-17.0.10!/jdk.jshell" type="simple" />
            <root url="jrt://$USER_HOME$/.jdks/corretto-17.0.10!/jdk.jsobject" type="simple" />
            <root url="jrt://$USER_HOME$/.jdks/corretto-17.0.10!/jdk.jstatd" type="simple" />
            <root url="jrt://$USER_HOME$/.jdks/corretto-17.0.10!/jdk.localedata" type="simple" />
            <root url="jrt://$USER_HOME$/.jdks/corretto-17.0.10!/jdk.management" type="simple" />
            <root url="jrt://$USER_HOME$/.jdks/corretto-17.0.10!/jdk.management.agent" type="simple" />
            <root url="jrt://$USER_HOME$/.jdks/corretto-17.0.10!/jdk.management.jfr" type="simple" />
            <root url="jrt://$USER_HOME$/.jdks/corretto-17.0.10!/jdk.naming.dns" type="simple" />
            <root url="jrt://$USER_HOME$/.jdks/corretto-17.0.10!/jdk.naming.rmi" type="simple" />
            <root url="jrt://$USER_HOME$/.jdks/corretto-17.0.10!/jdk.net" type="simple" />
            <root url="jrt://$USER_HOME$/.jdks/corretto-17.0.10!/jdk.nio.mapmode" type="simple" />
            <root url="jrt://$USER_HOME$/.jdks/corretto-17.0.10!/jdk.random" type="simple" />
            <root url="jrt://$USER_HOME$/.jdks/corretto-17.0.10!/jdk.sctp" type="simple" />
            <root url="jrt://$USER_HOME$/.jdks/corretto-17.0.10!/jdk.security.auth" type="simple" />
            <root url="jrt://$USER_HOME$/.jdks/corretto-17.0.10!/jdk.security.jgss" type="simple" />
            <root url="jrt://$USER_HOME$/.jdks/corretto-17.0.10!/jdk.unsupported" type="simple" />
            <root url="jrt://$USER_HOME$/.jdks/corretto-17.0.10!/jdk.unsupported.desktop" type="simple" />
            <root url="jrt://$USER_HOME$/.jdks/corretto-17.0.10!/jdk.xml.dom" type="simple" />
            <root url="jrt://$USER_HOME$/.jdks/corretto-17.0.10!/jdk.zipfs" type="simple" />
          </root>
        </classPath>
        <javadocPath>
          <root type="composite" />
        </javadocPath>
        <sourcePath>
          <root type="composite">
            <root url="jar://$USER_HOME$/.jdks/corretto-17.0.10/lib/src.zip!/java.se" type="simple" />
            <root url="jar://$USER_HOME$/.jdks/corretto-17.0.10/lib/src.zip!/jdk.jdi" type="simple" />
            <root url="jar://$USER_HOME$/.jdks/corretto-17.0.10/lib/src.zip!/jdk.jfr" type="simple" />
            <root url="jar://$USER_HOME$/.jdks/corretto-17.0.10/lib/src.zip!/jdk.net" type="simple" />
            <root url="jar://$USER_HOME$/.jdks/corretto-17.0.10/lib/src.zip!/java.rmi" type="simple" />
            <root url="jar://$USER_HOME$/.jdks/corretto-17.0.10/lib/src.zip!/java.sql" type="simple" />
            <root url="jar://$USER_HOME$/.jdks/corretto-17.0.10/lib/src.zip!/java.xml" type="simple" />
            <root url="jar://$USER_HOME$/.jdks/corretto-17.0.10/lib/src.zip!/jdk.jcmd" type="simple" />
            <root url="jar://$USER_HOME$/.jdks/corretto-17.0.10/lib/src.zip!/jdk.sctp" type="simple" />
            <root url="jar://$USER_HOME$/.jdks/corretto-17.0.10/lib/src.zip!/java.base" type="simple" />
            <root url="jar://$USER_HOME$/.jdks/corretto-17.0.10/lib/src.zip!/jdk.jdeps" type="simple" />
            <root url="jar://$USER_HOME$/.jdks/corretto-17.0.10/lib/src.zip!/jdk.jlink" type="simple" />
            <root url="jar://$USER_HOME$/.jdks/corretto-17.0.10/lib/src.zip!/jdk.zipfs" type="simple" />
            <root url="jar://$USER_HOME$/.jdks/corretto-17.0.10/lib/src.zip!/java.prefs" type="simple" />
            <root url="jar://$USER_HOME$/.jdks/corretto-17.0.10/lib/src.zip!/jdk.attach" type="simple" />
            <root url="jar://$USER_HOME$/.jdks/corretto-17.0.10/lib/src.zip!/jdk.jshell" type="simple" />
            <root url="jar://$USER_HOME$/.jdks/corretto-17.0.10/lib/src.zip!/jdk.jstatd" type="simple" />
            <root url="jar://$USER_HOME$/.jdks/corretto-17.0.10/lib/src.zip!/jdk.random" type="simple" />
            <root url="jar://$USER_HOME$/.jdks/corretto-17.0.10/lib/src.zip!/java.naming" type="simple" />
            <root url="jar://$USER_HOME$/.jdks/corretto-17.0.10/lib/src.zip!/jdk.editpad" type="simple" />
            <root url="jar://$USER_HOME$/.jdks/corretto-17.0.10/lib/src.zip!/jdk.jartool" type="simple" />
            <root url="jar://$USER_HOME$/.jdks/corretto-17.0.10/lib/src.zip!/jdk.javadoc" type="simple" />
            <root url="jar://$USER_HOME$/.jdks/corretto-17.0.10/lib/src.zip!/jdk.xml.dom" type="simple" />
            <root url="jar://$USER_HOME$/.jdks/corretto-17.0.10/lib/src.zip!/java.desktop" type="simple" />
            <root url="jar://$USER_HOME$/.jdks/corretto-17.0.10/lib/src.zip!/java.logging" type="simple" />
            <root url="jar://$USER_HOME$/.jdks/corretto-17.0.10/lib/src.zip!/jdk.charsets" type="simple" />
            <root url="jar://$USER_HOME$/.jdks/corretto-17.0.10/lib/src.zip!/jdk.compiler" type="simple" />
            <root url="jar://$USER_HOME$/.jdks/corretto-17.0.10/lib/src.zip!/jdk.dynalink" type="simple" />
            <root url="jar://$USER_HOME$/.jdks/corretto-17.0.10/lib/src.zip!/jdk.jconsole" type="simple" />
            <root url="jar://$USER_HOME$/.jdks/corretto-17.0.10/lib/src.zip!/jdk.jpackage" type="simple" />
            <root url="jar://$USER_HOME$/.jdks/corretto-17.0.10/lib/src.zip!/jdk.jsobject" type="simple" />
            <root url="jar://$USER_HOME$/.jdks/corretto-17.0.10/lib/src.zip!/java.compiler" type="simple" />
            <root url="jar://$USER_HOME$/.jdks/corretto-17.0.10/lib/src.zip!/java.net.http" type="simple" />
            <root url="jar://$USER_HOME$/.jdks/corretto-17.0.10/lib/src.zip!/jdk.crypto.ec" type="simple" />
            <root url="jar://$USER_HOME$/.jdks/corretto-17.0.10/lib/src.zip!/java.scripting" type="simple" />
            <root url="jar://$USER_HOME$/.jdks/corretto-17.0.10/lib/src.zip!/jdk.httpserver" type="simple" />
            <root url="jar://$USER_HOME$/.jdks/corretto-17.0.10/lib/src.zip!/jdk.jdwp.agent" type="simple" />
            <root url="jar://$USER_HOME$/.jdks/corretto-17.0.10/lib/src.zip!/jdk.localedata" type="simple" />
            <root url="jar://$USER_HOME$/.jdks/corretto-17.0.10/lib/src.zip!/jdk.management" type="simple" />
            <root url="jar://$USER_HOME$/.jdks/corretto-17.0.10/lib/src.zip!/jdk.naming.dns" type="simple" />
            <root url="jar://$USER_HOME$/.jdks/corretto-17.0.10/lib/src.zip!/jdk.naming.rmi" type="simple" />
            <root url="jar://$USER_HOME$/.jdks/corretto-17.0.10/lib/src.zip!/java.instrument" type="simple" />
            <root url="jar://$USER_HOME$/.jdks/corretto-17.0.10/lib/src.zip!/java.management" type="simple" />
            <root url="jar://$USER_HOME$/.jdks/corretto-17.0.10/lib/src.zip!/java.sql.rowset" type="simple" />
            <root url="jar://$USER_HOME$/.jdks/corretto-17.0.10/lib/src.zip!/java.xml.crypto" type="simple" />
            <root url="jar://$USER_HOME$/.jdks/corretto-17.0.10/lib/src.zip!/jdk.internal.ed" type="simple" />
            <root url="jar://$USER_HOME$/.jdks/corretto-17.0.10/lib/src.zip!/jdk.internal.le" type="simple" />
            <root url="jar://$USER_HOME$/.jdks/corretto-17.0.10/lib/src.zip!/jdk.nio.mapmode" type="simple" />
            <root url="jar://$USER_HOME$/.jdks/corretto-17.0.10/lib/src.zip!/jdk.unsupported" type="simple" />
            <root url="jar://$USER_HOME$/.jdks/corretto-17.0.10/lib/src.zip!/java.smartcardio" type="simple" />
            <root url="jar://$USER_HOME$/.jdks/corretto-17.0.10/lib/src.zip!/jdk.internal.opt" type="simple" />
            <root url="jar://$USER_HOME$/.jdks/corretto-17.0.10/lib/src.zip!/java.datatransfer" type="simple" />
            <root url="jar://$USER_HOME$/.jdks/corretto-17.0.10/lib/src.zip!/jdk.accessibility" type="simple" />
            <root url="jar://$USER_HOME$/.jdks/corretto-17.0.10/lib/src.zip!/jdk.crypto.mscapi" type="simple" />
            <root url="jar://$USER_HOME$/.jdks/corretto-17.0.10/lib/src.zip!/jdk.hotspot.agent" type="simple" />
            <root url="jar://$USER_HOME$/.jdks/corretto-17.0.10/lib/src.zip!/jdk.security.auth" type="simple" />
            <root url="jar://$USER_HOME$/.jdks/corretto-17.0.10/lib/src.zip!/jdk.security.jgss" type="simple" />
            <root url="jar://$USER_HOME$/.jdks/corretto-17.0.10/lib/src.zip!/java.security.jgss" type="simple" />
            <root url="jar://$USER_HOME$/.jdks/corretto-17.0.10/lib/src.zip!/java.security.sasl" type="simple" />
            <root url="jar://$USER_HOME$/.jdks/corretto-17.0.10/lib/src.zip!/jdk.internal.vm.ci" type="simple" />
            <root url="jar://$USER_HOME$/.jdks/corretto-17.0.10/lib/src.zip!/jdk.management.jfr" type="simple" />
            <root url="jar://$USER_HOME$/.jdks/corretto-17.0.10/lib/src.zip!/java.management.rmi" type="simple" />
            <root url="jar://$USER_HOME$/.jdks/corretto-17.0.10/lib/src.zip!/java.transaction.xa" type="simple" />
            <root url="jar://$USER_HOME$/.jdks/corretto-17.0.10/lib/src.zip!/jdk.crypto.cryptoki" type="simple" />
            <root url="jar://$USER_HOME$/.jdks/corretto-17.0.10/lib/src.zip!/jdk.incubator.vector" type="simple" />
            <root url="jar://$USER_HOME$/.jdks/corretto-17.0.10/lib/src.zip!/jdk.internal.jvmstat" type="simple" />
            <root url="jar://$USER_HOME$/.jdks/corretto-17.0.10/lib/src.zip!/jdk.management.agent" type="simple" />
            <root url="jar://$USER_HOME$/.jdks/corretto-17.0.10/lib/src.zip!/jdk.incubator.foreign" type="simple" />
            <root url="jar://$USER_HOME$/.jdks/corretto-17.0.10/lib/src.zip!/jdk.unsupported.desktop" type="simple" />
            <root url="jar://$USER_HOME$/.jdks/corretto-17.0.10/lib/src.zip!/jdk.internal.vm.compiler" type="simple" />
            <root url="jar://$USER_HOME$/.jdks/corretto-17.0.10/lib/src.zip!/jdk.internal.vm.compiler.management" type="simple" />
          </root>
        </sourcePath>
      </roots>
      <additional />
    </jdk>
    <jdk version="2">
      <name value="corretto-1.8" />
      <type value="JavaSDK" />
      <version value="Amazon Corretto version 1.8.0_402" />
      <homePath value="$USER_HOME$/.jdks/corretto-1.8.0_402" />
      <roots>
        <annotationsPath>
          <root type="composite">
            <root url="jar://$APPLICATION_HOME_DIR$/plugins/java/lib/resources/jdkAnnotations.jar!/" type="simple" />
          </root>
        </annotationsPath>
        <classPath>
          <root type="composite">
            <root url="jar://$USER_HOME$/.jdks/corretto-1.8.0_402/jre/lib/charsets.jar!/" type="simple" />
            <root url="jar://$USER_HOME$/.jdks/corretto-1.8.0_402/jre/lib/ext/access-bridge-64.jar!/" type="simple" />
            <root url="jar://$USER_HOME$/.jdks/corretto-1.8.0_402/jre/lib/ext/cldrdata.jar!/" type="simple" />
            <root url="jar://$USER_HOME$/.jdks/corretto-1.8.0_402/jre/lib/ext/dnsns.jar!/" type="simple" />
            <root url="jar://$USER_HOME$/.jdks/corretto-1.8.0_402/jre/lib/ext/jaccess.jar!/" type="simple" />
            <root url="jar://$USER_HOME$/.jdks/corretto-1.8.0_402/jre/lib/ext/jfxrt.jar!/" type="simple" />
            <root url="jar://$USER_HOME$/.jdks/corretto-1.8.0_402/jre/lib/ext/localedata.jar!/" type="simple" />
            <root url="jar://$USER_HOME$/.jdks/corretto-1.8.0_402/jre/lib/ext/nashorn.jar!/" type="simple" />
            <root url="jar://$USER_HOME$/.jdks/corretto-1.8.0_402/jre/lib/ext/sunec.jar!/" type="simple" />
            <root url="jar://$USER_HOME$/.jdks/corretto-1.8.0_402/jre/lib/ext/sunjce_provider.jar!/" type="simple" />
            <root url="jar://$USER_HOME$/.jdks/corretto-1.8.0_402/jre/lib/ext/sunmscapi.jar!/" type="simple" />
            <root url="jar://$USER_HOME$/.jdks/corretto-1.8.0_402/jre/lib/ext/sunpkcs11.jar!/" type="simple" />
            <root url="jar://$USER_HOME$/.jdks/corretto-1.8.0_402/jre/lib/ext/zipfs.jar!/" type="simple" />
            <root url="jar://$USER_HOME$/.jdks/corretto-1.8.0_402/jre/lib/jce.jar!/" type="simple" />
            <root url="jar://$USER_HOME$/.jdks/corretto-1.8.0_402/jre/lib/jfr.jar!/" type="simple" />
            <root url="jar://$USER_HOME$/.jdks/corretto-1.8.0_402/jre/lib/jfxswt.jar!/" type="simple" />
            <root url="jar://$USER_HOME$/.jdks/corretto-1.8.0_402/jre/lib/jsse.jar!/" type="simple" />
            <root url="jar://$USER_HOME$/.jdks/corretto-1.8.0_402/jre/lib/management-agent.jar!/" type="simple" />
            <root url="jar://$USER_HOME$/.jdks/corretto-1.8.0_402/jre/lib/resources.jar!/" type="simple" />
            <root url="jar://$USER_HOME$/.jdks/corretto-1.8.0_402/jre/lib/rt.jar!/" type="simple" />
          </root>
        </classPath>
        <javadocPath>
          <root type="composite" />
        </javadocPath>
        <sourcePath>
          <root type="composite">
            <root url="jar://$USER_HOME$/.jdks/corretto-1.8.0_402/src.zip!/" type="simple" />
            <root url="jar://$USER_HOME$/.jdks/corretto-1.8.0_402/javafx-src.zip!/" type="simple" />
          </root>
        </sourcePath>
      </roots>
      <additional />
    </jdk>
    <jdk version="2">
      <name value="jbr-17" />
      <type value="JavaSDK" />
      <version value="JetBrains Runtime version 17.0.10" />
      <homePath value="$USER_HOME$/.gradle/jdks/jetbrains_s_r_o_-17-amd64-windows/jbrsdk_jcef-17.0.10-windows-x64-b1087.17" />
      <roots>
        <annotationsPath>
          <root type="composite">
            <root url="jar://$APPLICATION_HOME_DIR$/plugins/java/lib/resources/jdkAnnotations.jar!/" type="simple" />
          </root>
        </annotationsPath>
        <classPath>
          <root type="composite">
            <root url="jrt://$USER_HOME$/.gradle/jdks/jetbrains_s_r_o_-17-amd64-windows/jbrsdk_jcef-17.0.10-windows-x64-b1087.17!/gluegen.rt" type="simple" />
            <root url="jrt://$USER_HOME$/.gradle/jdks/jetbrains_s_r_o_-17-amd64-windows/jbrsdk_jcef-17.0.10-windows-x64-b1087.17!/java.base" type="simple" />
            <root url="jrt://$USER_HOME$/.gradle/jdks/jetbrains_s_r_o_-17-amd64-windows/jbrsdk_jcef-17.0.10-windows-x64-b1087.17!/java.compiler" type="simple" />
            <root url="jrt://$USER_HOME$/.gradle/jdks/jetbrains_s_r_o_-17-amd64-windows/jbrsdk_jcef-17.0.10-windows-x64-b1087.17!/java.datatransfer" type="simple" />
            <root url="jrt://$USER_HOME$/.gradle/jdks/jetbrains_s_r_o_-17-amd64-windows/jbrsdk_jcef-17.0.10-windows-x64-b1087.17!/java.desktop" type="simple" />
            <root url="jrt://$USER_HOME$/.gradle/jdks/jetbrains_s_r_o_-17-amd64-windows/jbrsdk_jcef-17.0.10-windows-x64-b1087.17!/java.instrument" type="simple" />
            <root url="jrt://$USER_HOME$/.gradle/jdks/jetbrains_s_r_o_-17-amd64-windows/jbrsdk_jcef-17.0.10-windows-x64-b1087.17!/java.logging" type="simple" />
            <root url="jrt://$USER_HOME$/.gradle/jdks/jetbrains_s_r_o_-17-amd64-windows/jbrsdk_jcef-17.0.10-windows-x64-b1087.17!/java.management" type="simple" />
            <root url="jrt://$USER_HOME$/.gradle/jdks/jetbrains_s_r_o_-17-amd64-windows/jbrsdk_jcef-17.0.10-windows-x64-b1087.17!/java.management.rmi" type="simple" />
            <root url="jrt://$USER_HOME$/.gradle/jdks/jetbrains_s_r_o_-17-amd64-windows/jbrsdk_jcef-17.0.10-windows-x64-b1087.17!/java.naming" type="simple" />
            <root url="jrt://$USER_HOME$/.gradle/jdks/jetbrains_s_r_o_-17-amd64-windows/jbrsdk_jcef-17.0.10-windows-x64-b1087.17!/java.net.http" type="simple" />
            <root url="jrt://$USER_HOME$/.gradle/jdks/jetbrains_s_r_o_-17-amd64-windows/jbrsdk_jcef-17.0.10-windows-x64-b1087.17!/java.prefs" type="simple" />
            <root url="jrt://$USER_HOME$/.gradle/jdks/jetbrains_s_r_o_-17-amd64-windows/jbrsdk_jcef-17.0.10-windows-x64-b1087.17!/java.rmi" type="simple" />
            <root url="jrt://$USER_HOME$/.gradle/jdks/jetbrains_s_r_o_-17-amd64-windows/jbrsdk_jcef-17.0.10-windows-x64-b1087.17!/java.scripting" type="simple" />
            <root url="jrt://$USER_HOME$/.gradle/jdks/jetbrains_s_r_o_-17-amd64-windows/jbrsdk_jcef-17.0.10-windows-x64-b1087.17!/java.se" type="simple" />
            <root url="jrt://$USER_HOME$/.gradle/jdks/jetbrains_s_r_o_-17-amd64-windows/jbrsdk_jcef-17.0.10-windows-x64-b1087.17!/java.security.jgss" type="simple" />
            <root url="jrt://$USER_HOME$/.gradle/jdks/jetbrains_s_r_o_-17-amd64-windows/jbrsdk_jcef-17.0.10-windows-x64-b1087.17!/java.security.sasl" type="simple" />
            <root url="jrt://$USER_HOME$/.gradle/jdks/jetbrains_s_r_o_-17-amd64-windows/jbrsdk_jcef-17.0.10-windows-x64-b1087.17!/java.smartcardio" type="simple" />
            <root url="jrt://$USER_HOME$/.gradle/jdks/jetbrains_s_r_o_-17-amd64-windows/jbrsdk_jcef-17.0.10-windows-x64-b1087.17!/java.sql" type="simple" />
            <root url="jrt://$USER_HOME$/.gradle/jdks/jetbrains_s_r_o_-17-amd64-windows/jbrsdk_jcef-17.0.10-windows-x64-b1087.17!/java.sql.rowset" type="simple" />
            <root url="jrt://$USER_HOME$/.gradle/jdks/jetbrains_s_r_o_-17-amd64-windows/jbrsdk_jcef-17.0.10-windows-x64-b1087.17!/java.transaction.xa" type="simple" />
            <root url="jrt://$USER_HOME$/.gradle/jdks/jetbrains_s_r_o_-17-amd64-windows/jbrsdk_jcef-17.0.10-windows-x64-b1087.17!/java.xml" type="simple" />
            <root url="jrt://$USER_HOME$/.gradle/jdks/jetbrains_s_r_o_-17-amd64-windows/jbrsdk_jcef-17.0.10-windows-x64-b1087.17!/java.xml.crypto" type="simple" />
            <root url="jrt://$USER_HOME$/.gradle/jdks/jetbrains_s_r_o_-17-amd64-windows/jbrsdk_jcef-17.0.10-windows-x64-b1087.17!/jcef" type="simple" />
            <root url="jrt://$USER_HOME$/.gradle/jdks/jetbrains_s_r_o_-17-amd64-windows/jbrsdk_jcef-17.0.10-windows-x64-b1087.17!/jdk.accessibility" type="simple" />
            <root url="jrt://$USER_HOME$/.gradle/jdks/jetbrains_s_r_o_-17-amd64-windows/jbrsdk_jcef-17.0.10-windows-x64-b1087.17!/jdk.attach" type="simple" />
            <root url="jrt://$USER_HOME$/.gradle/jdks/jetbrains_s_r_o_-17-amd64-windows/jbrsdk_jcef-17.0.10-windows-x64-b1087.17!/jdk.charsets" type="simple" />
            <root url="jrt://$USER_HOME$/.gradle/jdks/jetbrains_s_r_o_-17-amd64-windows/jbrsdk_jcef-17.0.10-windows-x64-b1087.17!/jdk.compiler" type="simple" />
            <root url="jrt://$USER_HOME$/.gradle/jdks/jetbrains_s_r_o_-17-amd64-windows/jbrsdk_jcef-17.0.10-windows-x64-b1087.17!/jdk.crypto.cryptoki" type="simple" />
            <root url="jrt://$USER_HOME$/.gradle/jdks/jetbrains_s_r_o_-17-amd64-windows/jbrsdk_jcef-17.0.10-windows-x64-b1087.17!/jdk.crypto.ec" type="simple" />
            <root url="jrt://$USER_HOME$/.gradle/jdks/jetbrains_s_r_o_-17-amd64-windows/jbrsdk_jcef-17.0.10-windows-x64-b1087.17!/jdk.crypto.mscapi" type="simple" />
            <root url="jrt://$USER_HOME$/.gradle/jdks/jetbrains_s_r_o_-17-amd64-windows/jbrsdk_jcef-17.0.10-windows-x64-b1087.17!/jdk.dynalink" type="simple" />
            <root url="jrt://$USER_HOME$/.gradle/jdks/jetbrains_s_r_o_-17-amd64-windows/jbrsdk_jcef-17.0.10-windows-x64-b1087.17!/jdk.editpad" type="simple" />
            <root url="jrt://$USER_HOME$/.gradle/jdks/jetbrains_s_r_o_-17-amd64-windows/jbrsdk_jcef-17.0.10-windows-x64-b1087.17!/jdk.hotspot.agent" type="simple" />
            <root url="jrt://$USER_HOME$/.gradle/jdks/jetbrains_s_r_o_-17-amd64-windows/jbrsdk_jcef-17.0.10-windows-x64-b1087.17!/jdk.httpserver" type="simple" />
            <root url="jrt://$USER_HOME$/.gradle/jdks/jetbrains_s_r_o_-17-amd64-windows/jbrsdk_jcef-17.0.10-windows-x64-b1087.17!/jdk.incubator.foreign" type="simple" />
            <root url="jrt://$USER_HOME$/.gradle/jdks/jetbrains_s_r_o_-17-amd64-windows/jbrsdk_jcef-17.0.10-windows-x64-b1087.17!/jdk.incubator.vector" type="simple" />
            <root url="jrt://$USER_HOME$/.gradle/jdks/jetbrains_s_r_o_-17-amd64-windows/jbrsdk_jcef-17.0.10-windows-x64-b1087.17!/jdk.internal.ed" type="simple" />
            <root url="jrt://$USER_HOME$/.gradle/jdks/jetbrains_s_r_o_-17-amd64-windows/jbrsdk_jcef-17.0.10-windows-x64-b1087.17!/jdk.internal.jvmstat" type="simple" />
            <root url="jrt://$USER_HOME$/.gradle/jdks/jetbrains_s_r_o_-17-amd64-windows/jbrsdk_jcef-17.0.10-windows-x64-b1087.17!/jdk.internal.le" type="simple" />
            <root url="jrt://$USER_HOME$/.gradle/jdks/jetbrains_s_r_o_-17-amd64-windows/jbrsdk_jcef-17.0.10-windows-x64-b1087.17!/jdk.internal.opt" type="simple" />
            <root url="jrt://$USER_HOME$/.gradle/jdks/jetbrains_s_r_o_-17-amd64-windows/jbrsdk_jcef-17.0.10-windows-x64-b1087.17!/jdk.internal.vm.ci" type="simple" />
            <root url="jrt://$USER_HOME$/.gradle/jdks/jetbrains_s_r_o_-17-amd64-windows/jbrsdk_jcef-17.0.10-windows-x64-b1087.17!/jdk.internal.vm.compiler" type="simple" />
            <root url="jrt://$USER_HOME$/.gradle/jdks/jetbrains_s_r_o_-17-amd64-windows/jbrsdk_jcef-17.0.10-windows-x64-b1087.17!/jdk.internal.vm.compiler.management" type="simple" />
            <root url="jrt://$USER_HOME$/.gradle/jdks/jetbrains_s_r_o_-17-amd64-windows/jbrsdk_jcef-17.0.10-windows-x64-b1087.17!/jdk.jartool" type="simple" />
            <root url="jrt://$USER_HOME$/.gradle/jdks/jetbrains_s_r_o_-17-amd64-windows/jbrsdk_jcef-17.0.10-windows-x64-b1087.17!/jdk.javadoc" type="simple" />
            <root url="jrt://$USER_HOME$/.gradle/jdks/jetbrains_s_r_o_-17-amd64-windows/jbrsdk_jcef-17.0.10-windows-x64-b1087.17!/jdk.jcmd" type="simple" />
            <root url="jrt://$USER_HOME$/.gradle/jdks/jetbrains_s_r_o_-17-amd64-windows/jbrsdk_jcef-17.0.10-windows-x64-b1087.17!/jdk.jconsole" type="simple" />
            <root url="jrt://$USER_HOME$/.gradle/jdks/jetbrains_s_r_o_-17-amd64-windows/jbrsdk_jcef-17.0.10-windows-x64-b1087.17!/jdk.jdeps" type="simple" />
            <root url="jrt://$USER_HOME$/.gradle/jdks/jetbrains_s_r_o_-17-amd64-windows/jbrsdk_jcef-17.0.10-windows-x64-b1087.17!/jdk.jdi" type="simple" />
            <root url="jrt://$USER_HOME$/.gradle/jdks/jetbrains_s_r_o_-17-amd64-windows/jbrsdk_jcef-17.0.10-windows-x64-b1087.17!/jdk.jdwp.agent" type="simple" />
            <root url="jrt://$USER_HOME$/.gradle/jdks/jetbrains_s_r_o_-17-amd64-windows/jbrsdk_jcef-17.0.10-windows-x64-b1087.17!/jdk.jfr" type="simple" />
            <root url="jrt://$USER_HOME$/.gradle/jdks/jetbrains_s_r_o_-17-amd64-windows/jbrsdk_jcef-17.0.10-windows-x64-b1087.17!/jdk.jlink" type="simple" />
            <root url="jrt://$USER_HOME$/.gradle/jdks/jetbrains_s_r_o_-17-amd64-windows/jbrsdk_jcef-17.0.10-windows-x64-b1087.17!/jdk.jpackage" type="simple" />
            <root url="jrt://$USER_HOME$/.gradle/jdks/jetbrains_s_r_o_-17-amd64-windows/jbrsdk_jcef-17.0.10-windows-x64-b1087.17!/jdk.jshell" type="simple" />
            <root url="jrt://$USER_HOME$/.gradle/jdks/jetbrains_s_r_o_-17-amd64-windows/jbrsdk_jcef-17.0.10-windows-x64-b1087.17!/jdk.jsobject" type="simple" />
            <root url="jrt://$USER_HOME$/.gradle/jdks/jetbrains_s_r_o_-17-amd64-windows/jbrsdk_jcef-17.0.10-windows-x64-b1087.17!/jdk.jstatd" type="simple" />
            <root url="jrt://$USER_HOME$/.gradle/jdks/jetbrains_s_r_o_-17-amd64-windows/jbrsdk_jcef-17.0.10-windows-x64-b1087.17!/jdk.localedata" type="simple" />
            <root url="jrt://$USER_HOME$/.gradle/jdks/jetbrains_s_r_o_-17-amd64-windows/jbrsdk_jcef-17.0.10-windows-x64-b1087.17!/jdk.management" type="simple" />
            <root url="jrt://$USER_HOME$/.gradle/jdks/jetbrains_s_r_o_-17-amd64-windows/jbrsdk_jcef-17.0.10-windows-x64-b1087.17!/jdk.management.agent" type="simple" />
            <root url="jrt://$USER_HOME$/.gradle/jdks/jetbrains_s_r_o_-17-amd64-windows/jbrsdk_jcef-17.0.10-windows-x64-b1087.17!/jdk.management.jfr" type="simple" />
            <root url="jrt://$USER_HOME$/.gradle/jdks/jetbrains_s_r_o_-17-amd64-windows/jbrsdk_jcef-17.0.10-windows-x64-b1087.17!/jdk.naming.dns" type="simple" />
            <root url="jrt://$USER_HOME$/.gradle/jdks/jetbrains_s_r_o_-17-amd64-windows/jbrsdk_jcef-17.0.10-windows-x64-b1087.17!/jdk.naming.rmi" type="simple" />
            <root url="jrt://$USER_HOME$/.gradle/jdks/jetbrains_s_r_o_-17-amd64-windows/jbrsdk_jcef-17.0.10-windows-x64-b1087.17!/jdk.net" type="simple" />
            <root url="jrt://$USER_HOME$/.gradle/jdks/jetbrains_s_r_o_-17-amd64-windows/jbrsdk_jcef-17.0.10-windows-x64-b1087.17!/jdk.nio.mapmode" type="simple" />
            <root url="jrt://$USER_HOME$/.gradle/jdks/jetbrains_s_r_o_-17-amd64-windows/jbrsdk_jcef-17.0.10-windows-x64-b1087.17!/jdk.random" type="simple" />
            <root url="jrt://$USER_HOME$/.gradle/jdks/jetbrains_s_r_o_-17-amd64-windows/jbrsdk_jcef-17.0.10-windows-x64-b1087.17!/jdk.sctp" type="simple" />
            <root url="jrt://$USER_HOME$/.gradle/jdks/jetbrains_s_r_o_-17-amd64-windows/jbrsdk_jcef-17.0.10-windows-x64-b1087.17!/jdk.security.auth" type="simple" />
            <root url="jrt://$USER_HOME$/.gradle/jdks/jetbrains_s_r_o_-17-amd64-windows/jbrsdk_jcef-17.0.10-windows-x64-b1087.17!/jdk.security.jgss" type="simple" />
            <root url="jrt://$USER_HOME$/.gradle/jdks/jetbrains_s_r_o_-17-amd64-windows/jbrsdk_jcef-17.0.10-windows-x64-b1087.17!/jdk.unsupported" type="simple" />
            <root url="jrt://$USER_HOME$/.gradle/jdks/jetbrains_s_r_o_-17-amd64-windows/jbrsdk_jcef-17.0.10-windows-x64-b1087.17!/jdk.unsupported.desktop" type="simple" />
            <root url="jrt://$USER_HOME$/.gradle/jdks/jetbrains_s_r_o_-17-amd64-windows/jbrsdk_jcef-17.0.10-windows-x64-b1087.17!/jdk.xml.dom" type="simple" />
            <root url="jrt://$USER_HOME$/.gradle/jdks/jetbrains_s_r_o_-17-amd64-windows/jbrsdk_jcef-17.0.10-windows-x64-b1087.17!/jdk.zipfs" type="simple" />
            <root url="jrt://$USER_HOME$/.gradle/jdks/jetbrains_s_r_o_-17-amd64-windows/jbrsdk_jcef-17.0.10-windows-x64-b1087.17!/jogl.all" type="simple" />
          </root>
        </classPath>
        <javadocPath>
          <root type="composite" />
        </javadocPath>
        <sourcePath>
          <root type="composite">
            <root url="jar://$USER_HOME$/.gradle/jdks/jetbrains_s_r_o_-17-amd64-windows/jbrsdk_jcef-17.0.10-windows-x64-b1087.17/lib/src.zip!/java.se" type="simple" />
            <root url="jar://$USER_HOME$/.gradle/jdks/jetbrains_s_r_o_-17-amd64-windows/jbrsdk_jcef-17.0.10-windows-x64-b1087.17/lib/src.zip!/jdk.jdi" type="simple" />
            <root url="jar://$USER_HOME$/.gradle/jdks/jetbrains_s_r_o_-17-amd64-windows/jbrsdk_jcef-17.0.10-windows-x64-b1087.17/lib/src.zip!/jdk.jfr" type="simple" />
            <root url="jar://$USER_HOME$/.gradle/jdks/jetbrains_s_r_o_-17-amd64-windows/jbrsdk_jcef-17.0.10-windows-x64-b1087.17/lib/src.zip!/jdk.net" type="simple" />
            <root url="jar://$USER_HOME$/.gradle/jdks/jetbrains_s_r_o_-17-amd64-windows/jbrsdk_jcef-17.0.10-windows-x64-b1087.17/lib/src.zip!/java.rmi" type="simple" />
            <root url="jar://$USER_HOME$/.gradle/jdks/jetbrains_s_r_o_-17-amd64-windows/jbrsdk_jcef-17.0.10-windows-x64-b1087.17/lib/src.zip!/java.sql" type="simple" />
            <root url="jar://$USER_HOME$/.gradle/jdks/jetbrains_s_r_o_-17-amd64-windows/jbrsdk_jcef-17.0.10-windows-x64-b1087.17/lib/src.zip!/java.xml" type="simple" />
            <root url="jar://$USER_HOME$/.gradle/jdks/jetbrains_s_r_o_-17-amd64-windows/jbrsdk_jcef-17.0.10-windows-x64-b1087.17/lib/src.zip!/jdk.jcmd" type="simple" />
            <root url="jar://$USER_HOME$/.gradle/jdks/jetbrains_s_r_o_-17-amd64-windows/jbrsdk_jcef-17.0.10-windows-x64-b1087.17/lib/src.zip!/jdk.sctp" type="simple" />
            <root url="jar://$USER_HOME$/.gradle/jdks/jetbrains_s_r_o_-17-amd64-windows/jbrsdk_jcef-17.0.10-windows-x64-b1087.17/lib/src.zip!/java.base" type="simple" />
            <root url="jar://$USER_HOME$/.gradle/jdks/jetbrains_s_r_o_-17-amd64-windows/jbrsdk_jcef-17.0.10-windows-x64-b1087.17/lib/src.zip!/jdk.jdeps" type="simple" />
            <root url="jar://$USER_HOME$/.gradle/jdks/jetbrains_s_r_o_-17-amd64-windows/jbrsdk_jcef-17.0.10-windows-x64-b1087.17/lib/src.zip!/jdk.jlink" type="simple" />
            <root url="jar://$USER_HOME$/.gradle/jdks/jetbrains_s_r_o_-17-amd64-windows/jbrsdk_jcef-17.0.10-windows-x64-b1087.17/lib/src.zip!/jdk.zipfs" type="simple" />
            <root url="jar://$USER_HOME$/.gradle/jdks/jetbrains_s_r_o_-17-amd64-windows/jbrsdk_jcef-17.0.10-windows-x64-b1087.17/lib/src.zip!/java.prefs" type="simple" />
            <root url="jar://$USER_HOME$/.gradle/jdks/jetbrains_s_r_o_-17-amd64-windows/jbrsdk_jcef-17.0.10-windows-x64-b1087.17/lib/src.zip!/jdk.attach" type="simple" />
            <root url="jar://$USER_HOME$/.gradle/jdks/jetbrains_s_r_o_-17-amd64-windows/jbrsdk_jcef-17.0.10-windows-x64-b1087.17/lib/src.zip!/jdk.jshell" type="simple" />
            <root url="jar://$USER_HOME$/.gradle/jdks/jetbrains_s_r_o_-17-amd64-windows/jbrsdk_jcef-17.0.10-windows-x64-b1087.17/lib/src.zip!/jdk.jstatd" type="simple" />
            <root url="jar://$USER_HOME$/.gradle/jdks/jetbrains_s_r_o_-17-amd64-windows/jbrsdk_jcef-17.0.10-windows-x64-b1087.17/lib/src.zip!/jdk.random" type="simple" />
            <root url="jar://$USER_HOME$/.gradle/jdks/jetbrains_s_r_o_-17-amd64-windows/jbrsdk_jcef-17.0.10-windows-x64-b1087.17/lib/src.zip!/java.naming" type="simple" />
            <root url="jar://$USER_HOME$/.gradle/jdks/jetbrains_s_r_o_-17-amd64-windows/jbrsdk_jcef-17.0.10-windows-x64-b1087.17/lib/src.zip!/jdk.editpad" type="simple" />
            <root url="jar://$USER_HOME$/.gradle/jdks/jetbrains_s_r_o_-17-amd64-windows/jbrsdk_jcef-17.0.10-windows-x64-b1087.17/lib/src.zip!/jdk.jartool" type="simple" />
            <root url="jar://$USER_HOME$/.gradle/jdks/jetbrains_s_r_o_-17-amd64-windows/jbrsdk_jcef-17.0.10-windows-x64-b1087.17/lib/src.zip!/jdk.javadoc" type="simple" />
            <root url="jar://$USER_HOME$/.gradle/jdks/jetbrains_s_r_o_-17-amd64-windows/jbrsdk_jcef-17.0.10-windows-x64-b1087.17/lib/src.zip!/jdk.xml.dom" type="simple" />
            <root url="jar://$USER_HOME$/.gradle/jdks/jetbrains_s_r_o_-17-amd64-windows/jbrsdk_jcef-17.0.10-windows-x64-b1087.17/lib/src.zip!/java.desktop" type="simple" />
            <root url="jar://$USER_HOME$/.gradle/jdks/jetbrains_s_r_o_-17-amd64-windows/jbrsdk_jcef-17.0.10-windows-x64-b1087.17/lib/src.zip!/java.logging" type="simple" />
            <root url="jar://$USER_HOME$/.gradle/jdks/jetbrains_s_r_o_-17-amd64-windows/jbrsdk_jcef-17.0.10-windows-x64-b1087.17/lib/src.zip!/jdk.charsets" type="simple" />
            <root url="jar://$USER_HOME$/.gradle/jdks/jetbrains_s_r_o_-17-amd64-windows/jbrsdk_jcef-17.0.10-windows-x64-b1087.17/lib/src.zip!/jdk.compiler" type="simple" />
            <root url="jar://$USER_HOME$/.gradle/jdks/jetbrains_s_r_o_-17-amd64-windows/jbrsdk_jcef-17.0.10-windows-x64-b1087.17/lib/src.zip!/jdk.dynalink" type="simple" />
            <root url="jar://$USER_HOME$/.gradle/jdks/jetbrains_s_r_o_-17-amd64-windows/jbrsdk_jcef-17.0.10-windows-x64-b1087.17/lib/src.zip!/jdk.jconsole" type="simple" />
            <root url="jar://$USER_HOME$/.gradle/jdks/jetbrains_s_r_o_-17-amd64-windows/jbrsdk_jcef-17.0.10-windows-x64-b1087.17/lib/src.zip!/jdk.jpackage" type="simple" />
            <root url="jar://$USER_HOME$/.gradle/jdks/jetbrains_s_r_o_-17-amd64-windows/jbrsdk_jcef-17.0.10-windows-x64-b1087.17/lib/src.zip!/jdk.jsobject" type="simple" />
            <root url="jar://$USER_HOME$/.gradle/jdks/jetbrains_s_r_o_-17-amd64-windows/jbrsdk_jcef-17.0.10-windows-x64-b1087.17/lib/src.zip!/java.compiler" type="simple" />
            <root url="jar://$USER_HOME$/.gradle/jdks/jetbrains_s_r_o_-17-amd64-windows/jbrsdk_jcef-17.0.10-windows-x64-b1087.17/lib/src.zip!/java.net.http" type="simple" />
            <root url="jar://$USER_HOME$/.gradle/jdks/jetbrains_s_r_o_-17-amd64-windows/jbrsdk_jcef-17.0.10-windows-x64-b1087.17/lib/src.zip!/jdk.crypto.ec" type="simple" />
            <root url="jar://$USER_HOME$/.gradle/jdks/jetbrains_s_r_o_-17-amd64-windows/jbrsdk_jcef-17.0.10-windows-x64-b1087.17/lib/src.zip!/java.scripting" type="simple" />
            <root url="jar://$USER_HOME$/.gradle/jdks/jetbrains_s_r_o_-17-amd64-windows/jbrsdk_jcef-17.0.10-windows-x64-b1087.17/lib/src.zip!/jdk.httpserver" type="simple" />
            <root url="jar://$USER_HOME$/.gradle/jdks/jetbrains_s_r_o_-17-amd64-windows/jbrsdk_jcef-17.0.10-windows-x64-b1087.17/lib/src.zip!/jdk.jdwp.agent" type="simple" />
            <root url="jar://$USER_HOME$/.gradle/jdks/jetbrains_s_r_o_-17-amd64-windows/jbrsdk_jcef-17.0.10-windows-x64-b1087.17/lib/src.zip!/jdk.localedata" type="simple" />
            <root url="jar://$USER_HOME$/.gradle/jdks/jetbrains_s_r_o_-17-amd64-windows/jbrsdk_jcef-17.0.10-windows-x64-b1087.17/lib/src.zip!/jdk.management" type="simple" />
            <root url="jar://$USER_HOME$/.gradle/jdks/jetbrains_s_r_o_-17-amd64-windows/jbrsdk_jcef-17.0.10-windows-x64-b1087.17/lib/src.zip!/jdk.naming.dns" type="simple" />
            <root url="jar://$USER_HOME$/.gradle/jdks/jetbrains_s_r_o_-17-amd64-windows/jbrsdk_jcef-17.0.10-windows-x64-b1087.17/lib/src.zip!/jdk.naming.rmi" type="simple" />
            <root url="jar://$USER_HOME$/.gradle/jdks/jetbrains_s_r_o_-17-amd64-windows/jbrsdk_jcef-17.0.10-windows-x64-b1087.17/lib/src.zip!/java.instrument" type="simple" />
            <root url="jar://$USER_HOME$/.gradle/jdks/jetbrains_s_r_o_-17-amd64-windows/jbrsdk_jcef-17.0.10-windows-x64-b1087.17/lib/src.zip!/java.management" type="simple" />
            <root url="jar://$USER_HOME$/.gradle/jdks/jetbrains_s_r_o_-17-amd64-windows/jbrsdk_jcef-17.0.10-windows-x64-b1087.17/lib/src.zip!/java.sql.rowset" type="simple" />
            <root url="jar://$USER_HOME$/.gradle/jdks/jetbrains_s_r_o_-17-amd64-windows/jbrsdk_jcef-17.0.10-windows-x64-b1087.17/lib/src.zip!/java.xml.crypto" type="simple" />
            <root url="jar://$USER_HOME$/.gradle/jdks/jetbrains_s_r_o_-17-amd64-windows/jbrsdk_jcef-17.0.10-windows-x64-b1087.17/lib/src.zip!/jdk.internal.ed" type="simple" />
            <root url="jar://$USER_HOME$/.gradle/jdks/jetbrains_s_r_o_-17-amd64-windows/jbrsdk_jcef-17.0.10-windows-x64-b1087.17/lib/src.zip!/jdk.internal.le" type="simple" />
            <root url="jar://$USER_HOME$/.gradle/jdks/jetbrains_s_r_o_-17-amd64-windows/jbrsdk_jcef-17.0.10-windows-x64-b1087.17/lib/src.zip!/jdk.nio.mapmode" type="simple" />
            <root url="jar://$USER_HOME$/.gradle/jdks/jetbrains_s_r_o_-17-amd64-windows/jbrsdk_jcef-17.0.10-windows-x64-b1087.17/lib/src.zip!/jdk.unsupported" type="simple" />
            <root url="jar://$USER_HOME$/.gradle/jdks/jetbrains_s_r_o_-17-amd64-windows/jbrsdk_jcef-17.0.10-windows-x64-b1087.17/lib/src.zip!/java.smartcardio" type="simple" />
            <root url="jar://$USER_HOME$/.gradle/jdks/jetbrains_s_r_o_-17-amd64-windows/jbrsdk_jcef-17.0.10-windows-x64-b1087.17/lib/src.zip!/jdk.internal.opt" type="simple" />
            <root url="jar://$USER_HOME$/.gradle/jdks/jetbrains_s_r_o_-17-amd64-windows/jbrsdk_jcef-17.0.10-windows-x64-b1087.17/lib/src.zip!/java.datatransfer" type="simple" />
            <root url="jar://$USER_HOME$/.gradle/jdks/jetbrains_s_r_o_-17-amd64-windows/jbrsdk_jcef-17.0.10-windows-x64-b1087.17/lib/src.zip!/jdk.accessibility" type="simple" />
            <root url="jar://$USER_HOME$/.gradle/jdks/jetbrains_s_r_o_-17-amd64-windows/jbrsdk_jcef-17.0.10-windows-x64-b1087.17/lib/src.zip!/jdk.crypto.mscapi" type="simple" />
            <root url="jar://$USER_HOME$/.gradle/jdks/jetbrains_s_r_o_-17-amd64-windows/jbrsdk_jcef-17.0.10-windows-x64-b1087.17/lib/src.zip!/jdk.hotspot.agent" type="simple" />
            <root url="jar://$USER_HOME$/.gradle/jdks/jetbrains_s_r_o_-17-amd64-windows/jbrsdk_jcef-17.0.10-windows-x64-b1087.17/lib/src.zip!/jdk.security.auth" type="simple" />
            <root url="jar://$USER_HOME$/.gradle/jdks/jetbrains_s_r_o_-17-amd64-windows/jbrsdk_jcef-17.0.10-windows-x64-b1087.17/lib/src.zip!/jdk.security.jgss" type="simple" />
            <root url="jar://$USER_HOME$/.gradle/jdks/jetbrains_s_r_o_-17-amd64-windows/jbrsdk_jcef-17.0.10-windows-x64-b1087.17/lib/src.zip!/java.security.jgss" type="simple" />
            <root url="jar://$USER_HOME$/.gradle/jdks/jetbrains_s_r_o_-17-amd64-windows/jbrsdk_jcef-17.0.10-windows-x64-b1087.17/lib/src.zip!/java.security.sasl" type="simple" />
            <root url="jar://$USER_HOME$/.gradle/jdks/jetbrains_s_r_o_-17-amd64-windows/jbrsdk_jcef-17.0.10-windows-x64-b1087.17/lib/src.zip!/jdk.internal.vm.ci" type="simple" />
            <root url="jar://$USER_HOME$/.gradle/jdks/jetbrains_s_r_o_-17-amd64-windows/jbrsdk_jcef-17.0.10-windows-x64-b1087.17/lib/src.zip!/jdk.management.jfr" type="simple" />
            <root url="jar://$USER_HOME$/.gradle/jdks/jetbrains_s_r_o_-17-amd64-windows/jbrsdk_jcef-17.0.10-windows-x64-b1087.17/lib/src.zip!/java.management.rmi" type="simple" />
            <root url="jar://$USER_HOME$/.gradle/jdks/jetbrains_s_r_o_-17-amd64-windows/jbrsdk_jcef-17.0.10-windows-x64-b1087.17/lib/src.zip!/java.transaction.xa" type="simple" />
            <root url="jar://$USER_HOME$/.gradle/jdks/jetbrains_s_r_o_-17-amd64-windows/jbrsdk_jcef-17.0.10-windows-x64-b1087.17/lib/src.zip!/jdk.crypto.cryptoki" type="simple" />
            <root url="jar://$USER_HOME$/.gradle/jdks/jetbrains_s_r_o_-17-amd64-windows/jbrsdk_jcef-17.0.10-windows-x64-b1087.17/lib/src.zip!/jdk.incubator.vector" type="simple" />
            <root url="jar://$USER_HOME$/.gradle/jdks/jetbrains_s_r_o_-17-amd64-windows/jbrsdk_jcef-17.0.10-windows-x64-b1087.17/lib/src.zip!/jdk.internal.jvmstat" type="simple" />
            <root url="jar://$USER_HOME$/.gradle/jdks/jetbrains_s_r_o_-17-amd64-windows/jbrsdk_jcef-17.0.10-windows-x64-b1087.17/lib/src.zip!/jdk.management.agent" type="simple" />
            <root url="jar://$USER_HOME$/.gradle/jdks/jetbrains_s_r_o_-17-amd64-windows/jbrsdk_jcef-17.0.10-windows-x64-b1087.17/lib/src.zip!/jdk.incubator.foreign" type="simple" />
            <root url="jar://$USER_HOME$/.gradle/jdks/jetbrains_s_r_o_-17-amd64-windows/jbrsdk_jcef-17.0.10-windows-x64-b1087.17/lib/src.zip!/jdk.unsupported.desktop" type="simple" />
            <root url="jar://$USER_HOME$/.gradle/jdks/jetbrains_s_r_o_-17-amd64-windows/jbrsdk_jcef-17.0.10-windows-x64-b1087.17/lib/src.zip!/jdk.internal.vm.compiler" type="simple" />
            <root url="jar://$USER_HOME$/.gradle/jdks/jetbrains_s_r_o_-17-amd64-windows/jbrsdk_jcef-17.0.10-windows-x64-b1087.17/lib/src.zip!/jdk.internal.vm.compiler.management" type="simple" />
          </root>
        </sourcePath>
      </roots>
      <additional />
    </jdk>
    <jdk version="2">
      <name value="Kotlin SDK" />
      <type value="KotlinSDK" />
      <homePath value="" />
      <roots>
        <annotationsPath>
          <root type="composite" />
        </annotationsPath>
        <classPath>
          <root type="composite" />
        </classPath>
        <javadocPath>
          <root type="composite" />
        </javadocPath>
        <sourcePath>
          <root type="composite" />
        </sourcePath>
      </roots>
      <additional />
    </jdk>
    <jdk version="2">
      <name value="corretto-11" />
      <type value="JavaSDK" />
      <version value="Amazon Corretto version 11.0.22" />
      <homePath value="$USER_HOME$/.jdks/corretto-11.0.22" />
      <roots>
        <annotationsPath>
          <root type="composite">
            <root url="jar://$APPLICATION_HOME_DIR$/plugins/java/lib/resources/jdkAnnotations.jar!/" type="simple" />
          </root>
        </annotationsPath>
        <classPath>
          <root type="composite">
            <root url="jrt://$USER_HOME$/.jdks/corretto-11.0.22!/java.base" type="simple" />
            <root url="jrt://$USER_HOME$/.jdks/corretto-11.0.22!/java.compiler" type="simple" />
            <root url="jrt://$USER_HOME$/.jdks/corretto-11.0.22!/java.datatransfer" type="simple" />
            <root url="jrt://$USER_HOME$/.jdks/corretto-11.0.22!/java.desktop" type="simple" />
            <root url="jrt://$USER_HOME$/.jdks/corretto-11.0.22!/java.instrument" type="simple" />
            <root url="jrt://$USER_HOME$/.jdks/corretto-11.0.22!/java.logging" type="simple" />
            <root url="jrt://$USER_HOME$/.jdks/corretto-11.0.22!/java.management" type="simple" />
            <root url="jrt://$USER_HOME$/.jdks/corretto-11.0.22!/java.management.rmi" type="simple" />
            <root url="jrt://$USER_HOME$/.jdks/corretto-11.0.22!/java.naming" type="simple" />
            <root url="jrt://$USER_HOME$/.jdks/corretto-11.0.22!/java.net.http" type="simple" />
            <root url="jrt://$USER_HOME$/.jdks/corretto-11.0.22!/java.prefs" type="simple" />
            <root url="jrt://$USER_HOME$/.jdks/corretto-11.0.22!/java.rmi" type="simple" />
            <root url="jrt://$USER_HOME$/.jdks/corretto-11.0.22!/java.scripting" type="simple" />
            <root url="jrt://$USER_HOME$/.jdks/corretto-11.0.22!/java.se" type="simple" />
            <root url="jrt://$USER_HOME$/.jdks/corretto-11.0.22!/java.security.jgss" type="simple" />
            <root url="jrt://$USER_HOME$/.jdks/corretto-11.0.22!/java.security.sasl" type="simple" />
            <root url="jrt://$USER_HOME$/.jdks/corretto-11.0.22!/java.smartcardio" type="simple" />
            <root url="jrt://$USER_HOME$/.jdks/corretto-11.0.22!/java.sql" type="simple" />
            <root url="jrt://$USER_HOME$/.jdks/corretto-11.0.22!/java.sql.rowset" type="simple" />
            <root url="jrt://$USER_HOME$/.jdks/corretto-11.0.22!/java.transaction.xa" type="simple" />
            <root url="jrt://$USER_HOME$/.jdks/corretto-11.0.22!/java.xml" type="simple" />
            <root url="jrt://$USER_HOME$/.jdks/corretto-11.0.22!/java.xml.crypto" type="simple" />
            <root url="jrt://$USER_HOME$/.jdks/corretto-11.0.22!/jdk.accessibility" type="simple" />
            <root url="jrt://$USER_HOME$/.jdks/corretto-11.0.22!/jdk.aot" type="simple" />
            <root url="jrt://$USER_HOME$/.jdks/corretto-11.0.22!/jdk.attach" type="simple" />
            <root url="jrt://$USER_HOME$/.jdks/corretto-11.0.22!/jdk.charsets" type="simple" />
            <root url="jrt://$USER_HOME$/.jdks/corretto-11.0.22!/jdk.compiler" type="simple" />
            <root url="jrt://$USER_HOME$/.jdks/corretto-11.0.22!/jdk.crypto.cryptoki" type="simple" />
            <root url="jrt://$USER_HOME$/.jdks/corretto-11.0.22!/jdk.crypto.ec" type="simple" />
            <root url="jrt://$USER_HOME$/.jdks/corretto-11.0.22!/jdk.crypto.mscapi" type="simple" />
            <root url="jrt://$USER_HOME$/.jdks/corretto-11.0.22!/jdk.dynalink" type="simple" />
            <root url="jrt://$USER_HOME$/.jdks/corretto-11.0.22!/jdk.editpad" type="simple" />
            <root url="jrt://$USER_HOME$/.jdks/corretto-11.0.22!/jdk.hotspot.agent" type="simple" />
            <root url="jrt://$USER_HOME$/.jdks/corretto-11.0.22!/jdk.httpserver" type="simple" />
            <root url="jrt://$USER_HOME$/.jdks/corretto-11.0.22!/jdk.internal.ed" type="simple" />
            <root url="jrt://$USER_HOME$/.jdks/corretto-11.0.22!/jdk.internal.jvmstat" type="simple" />
            <root url="jrt://$USER_HOME$/.jdks/corretto-11.0.22!/jdk.internal.le" type="simple" />
            <root url="jrt://$USER_HOME$/.jdks/corretto-11.0.22!/jdk.internal.opt" type="simple" />
            <root url="jrt://$USER_HOME$/.jdks/corretto-11.0.22!/jdk.internal.vm.ci" type="simple" />
            <root url="jrt://$USER_HOME$/.jdks/corretto-11.0.22!/jdk.internal.vm.compiler" type="simple" />
            <root url="jrt://$USER_HOME$/.jdks/corretto-11.0.22!/jdk.internal.vm.compiler.management" type="simple" />
            <root url="jrt://$USER_HOME$/.jdks/corretto-11.0.22!/jdk.jartool" type="simple" />
            <root url="jrt://$USER_HOME$/.jdks/corretto-11.0.22!/jdk.javadoc" type="simple" />
            <root url="jrt://$USER_HOME$/.jdks/corretto-11.0.22!/jdk.jcmd" type="simple" />
            <root url="jrt://$USER_HOME$/.jdks/corretto-11.0.22!/jdk.jconsole" type="simple" />
            <root url="jrt://$USER_HOME$/.jdks/corretto-11.0.22!/jdk.jdeps" type="simple" />
            <root url="jrt://$USER_HOME$/.jdks/corretto-11.0.22!/jdk.jdi" type="simple" />
            <root url="jrt://$USER_HOME$/.jdks/corretto-11.0.22!/jdk.jdwp.agent" type="simple" />
            <root url="jrt://$USER_HOME$/.jdks/corretto-11.0.22!/jdk.jfr" type="simple" />
            <root url="jrt://$USER_HOME$/.jdks/corretto-11.0.22!/jdk.jlink" type="simple" />
            <root url="jrt://$USER_HOME$/.jdks/corretto-11.0.22!/jdk.jshell" type="simple" />
            <root url="jrt://$USER_HOME$/.jdks/corretto-11.0.22!/jdk.jsobject" type="simple" />
            <root url="jrt://$USER_HOME$/.jdks/corretto-11.0.22!/jdk.jstatd" type="simple" />
            <root url="jrt://$USER_HOME$/.jdks/corretto-11.0.22!/jdk.localedata" type="simple" />
            <root url="jrt://$USER_HOME$/.jdks/corretto-11.0.22!/jdk.management" type="simple" />
            <root url="jrt://$USER_HOME$/.jdks/corretto-11.0.22!/jdk.management.agent" type="simple" />
            <root url="jrt://$USER_HOME$/.jdks/corretto-11.0.22!/jdk.management.jfr" type="simple" />
            <root url="jrt://$USER_HOME$/.jdks/corretto-11.0.22!/jdk.naming.dns" type="simple" />
            <root url="jrt://$USER_HOME$/.jdks/corretto-11.0.22!/jdk.naming.ldap" type="simple" />
            <root url="jrt://$USER_HOME$/.jdks/corretto-11.0.22!/jdk.naming.rmi" type="simple" />
            <root url="jrt://$USER_HOME$/.jdks/corretto-11.0.22!/jdk.net" type="simple" />
            <root url="jrt://$USER_HOME$/.jdks/corretto-11.0.22!/jdk.pack" type="simple" />
            <root url="jrt://$USER_HOME$/.jdks/corretto-11.0.22!/jdk.rmic" type="simple" />
            <root url="jrt://$USER_HOME$/.jdks/corretto-11.0.22!/jdk.scripting.nashorn" type="simple" />
            <root url="jrt://$USER_HOME$/.jdks/corretto-11.0.22!/jdk.scripting.nashorn.shell" type="simple" />
            <root url="jrt://$USER_HOME$/.jdks/corretto-11.0.22!/jdk.sctp" type="simple" />
            <root url="jrt://$USER_HOME$/.jdks/corretto-11.0.22!/jdk.security.auth" type="simple" />
            <root url="jrt://$USER_HOME$/.jdks/corretto-11.0.22!/jdk.security.jgss" type="simple" />
            <root url="jrt://$USER_HOME$/.jdks/corretto-11.0.22!/jdk.unsupported" type="simple" />
            <root url="jrt://$USER_HOME$/.jdks/corretto-11.0.22!/jdk.unsupported.desktop" type="simple" />
            <root url="jrt://$USER_HOME$/.jdks/corretto-11.0.22!/jdk.xml.dom" type="simple" />
            <root url="jrt://$USER_HOME$/.jdks/corretto-11.0.22!/jdk.zipfs" type="simple" />
          </root>
        </classPath>
        <javadocPath>
          <root type="composite" />
        </javadocPath>
        <sourcePath>
          <root type="composite">
            <root url="jar://$USER_HOME$/.jdks/corretto-11.0.22/lib/src.zip!/java.se" type="simple" />
            <root url="jar://$USER_HOME$/.jdks/corretto-11.0.22/lib/src.zip!/jdk.aot" type="simple" />
            <root url="jar://$USER_HOME$/.jdks/corretto-11.0.22/lib/src.zip!/jdk.jdi" type="simple" />
            <root url="jar://$USER_HOME$/.jdks/corretto-11.0.22/lib/src.zip!/jdk.jfr" type="simple" />
            <root url="jar://$USER_HOME$/.jdks/corretto-11.0.22/lib/src.zip!/jdk.net" type="simple" />
            <root url="jar://$USER_HOME$/.jdks/corretto-11.0.22/lib/src.zip!/java.rmi" type="simple" />
            <root url="jar://$USER_HOME$/.jdks/corretto-11.0.22/lib/src.zip!/java.sql" type="simple" />
            <root url="jar://$USER_HOME$/.jdks/corretto-11.0.22/lib/src.zip!/java.xml" type="simple" />
            <root url="jar://$USER_HOME$/.jdks/corretto-11.0.22/lib/src.zip!/jdk.jcmd" type="simple" />
            <root url="jar://$USER_HOME$/.jdks/corretto-11.0.22/lib/src.zip!/jdk.pack" type="simple" />
            <root url="jar://$USER_HOME$/.jdks/corretto-11.0.22/lib/src.zip!/jdk.rmic" type="simple" />
            <root url="jar://$USER_HOME$/.jdks/corretto-11.0.22/lib/src.zip!/jdk.sctp" type="simple" />
            <root url="jar://$USER_HOME$/.jdks/corretto-11.0.22/lib/src.zip!/java.base" type="simple" />
            <root url="jar://$USER_HOME$/.jdks/corretto-11.0.22/lib/src.zip!/jdk.jdeps" type="simple" />
            <root url="jar://$USER_HOME$/.jdks/corretto-11.0.22/lib/src.zip!/jdk.jlink" type="simple" />
            <root url="jar://$USER_HOME$/.jdks/corretto-11.0.22/lib/src.zip!/jdk.zipfs" type="simple" />
            <root url="jar://$USER_HOME$/.jdks/corretto-11.0.22/lib/src.zip!/java.prefs" type="simple" />
            <root url="jar://$USER_HOME$/.jdks/corretto-11.0.22/lib/src.zip!/jdk.attach" type="simple" />
            <root url="jar://$USER_HOME$/.jdks/corretto-11.0.22/lib/src.zip!/jdk.jshell" type="simple" />
            <root url="jar://$USER_HOME$/.jdks/corretto-11.0.22/lib/src.zip!/jdk.jstatd" type="simple" />
            <root url="jar://$USER_HOME$/.jdks/corretto-11.0.22/lib/src.zip!/java.naming" type="simple" />
            <root url="jar://$USER_HOME$/.jdks/corretto-11.0.22/lib/src.zip!/jdk.editpad" type="simple" />
            <root url="jar://$USER_HOME$/.jdks/corretto-11.0.22/lib/src.zip!/jdk.jartool" type="simple" />
            <root url="jar://$USER_HOME$/.jdks/corretto-11.0.22/lib/src.zip!/jdk.javadoc" type="simple" />
            <root url="jar://$USER_HOME$/.jdks/corretto-11.0.22/lib/src.zip!/jdk.xml.dom" type="simple" />
            <root url="jar://$USER_HOME$/.jdks/corretto-11.0.22/lib/src.zip!/java.desktop" type="simple" />
            <root url="jar://$USER_HOME$/.jdks/corretto-11.0.22/lib/src.zip!/java.logging" type="simple" />
            <root url="jar://$USER_HOME$/.jdks/corretto-11.0.22/lib/src.zip!/jdk.charsets" type="simple" />
            <root url="jar://$USER_HOME$/.jdks/corretto-11.0.22/lib/src.zip!/jdk.compiler" type="simple" />
            <root url="jar://$USER_HOME$/.jdks/corretto-11.0.22/lib/src.zip!/jdk.dynalink" type="simple" />
            <root url="jar://$USER_HOME$/.jdks/corretto-11.0.22/lib/src.zip!/jdk.jconsole" type="simple" />
            <root url="jar://$USER_HOME$/.jdks/corretto-11.0.22/lib/src.zip!/jdk.jsobject" type="simple" />
            <root url="jar://$USER_HOME$/.jdks/corretto-11.0.22/lib/src.zip!/java.compiler" type="simple" />
            <root url="jar://$USER_HOME$/.jdks/corretto-11.0.22/lib/src.zip!/java.net.http" type="simple" />
            <root url="jar://$USER_HOME$/.jdks/corretto-11.0.22/lib/src.zip!/jdk.crypto.ec" type="simple" />
            <root url="jar://$USER_HOME$/.jdks/corretto-11.0.22/lib/src.zip!/java.scripting" type="simple" />
            <root url="jar://$USER_HOME$/.jdks/corretto-11.0.22/lib/src.zip!/jdk.httpserver" type="simple" />
            <root url="jar://$USER_HOME$/.jdks/corretto-11.0.22/lib/src.zip!/jdk.jdwp.agent" type="simple" />
            <root url="jar://$USER_HOME$/.jdks/corretto-11.0.22/lib/src.zip!/jdk.localedata" type="simple" />
            <root url="jar://$USER_HOME$/.jdks/corretto-11.0.22/lib/src.zip!/jdk.management" type="simple" />
            <root url="jar://$USER_HOME$/.jdks/corretto-11.0.22/lib/src.zip!/jdk.naming.dns" type="simple" />
            <root url="jar://$USER_HOME$/.jdks/corretto-11.0.22/lib/src.zip!/jdk.naming.rmi" type="simple" />
            <root url="jar://$USER_HOME$/.jdks/corretto-11.0.22/lib/src.zip!/java.instrument" type="simple" />
            <root url="jar://$USER_HOME$/.jdks/corretto-11.0.22/lib/src.zip!/java.management" type="simple" />
            <root url="jar://$USER_HOME$/.jdks/corretto-11.0.22/lib/src.zip!/java.sql.rowset" type="simple" />
            <root url="jar://$USER_HOME$/.jdks/corretto-11.0.22/lib/src.zip!/java.xml.crypto" type="simple" />
            <root url="jar://$USER_HOME$/.jdks/corretto-11.0.22/lib/src.zip!/jdk.internal.ed" type="simple" />
            <root url="jar://$USER_HOME$/.jdks/corretto-11.0.22/lib/src.zip!/jdk.internal.le" type="simple" />
            <root url="jar://$USER_HOME$/.jdks/corretto-11.0.22/lib/src.zip!/jdk.naming.ldap" type="simple" />
            <root url="jar://$USER_HOME$/.jdks/corretto-11.0.22/lib/src.zip!/jdk.unsupported" type="simple" />
            <root url="jar://$USER_HOME$/.jdks/corretto-11.0.22/lib/src.zip!/java.smartcardio" type="simple" />
            <root url="jar://$USER_HOME$/.jdks/corretto-11.0.22/lib/src.zip!/jdk.internal.opt" type="simple" />
            <root url="jar://$USER_HOME$/.jdks/corretto-11.0.22/lib/src.zip!/java.datatransfer" type="simple" />
            <root url="jar://$USER_HOME$/.jdks/corretto-11.0.22/lib/src.zip!/jdk.accessibility" type="simple" />
            <root url="jar://$USER_HOME$/.jdks/corretto-11.0.22/lib/src.zip!/jdk.crypto.mscapi" type="simple" />
            <root url="jar://$USER_HOME$/.jdks/corretto-11.0.22/lib/src.zip!/jdk.hotspot.agent" type="simple" />
            <root url="jar://$USER_HOME$/.jdks/corretto-11.0.22/lib/src.zip!/jdk.security.auth" type="simple" />
            <root url="jar://$USER_HOME$/.jdks/corretto-11.0.22/lib/src.zip!/jdk.security.jgss" type="simple" />
            <root url="jar://$USER_HOME$/.jdks/corretto-11.0.22/lib/src.zip!/java.security.jgss" type="simple" />
            <root url="jar://$USER_HOME$/.jdks/corretto-11.0.22/lib/src.zip!/java.security.sasl" type="simple" />
            <root url="jar://$USER_HOME$/.jdks/corretto-11.0.22/lib/src.zip!/jdk.internal.vm.ci" type="simple" />
            <root url="jar://$USER_HOME$/.jdks/corretto-11.0.22/lib/src.zip!/jdk.management.jfr" type="simple" />
            <root url="jar://$USER_HOME$/.jdks/corretto-11.0.22/lib/src.zip!/java.management.rmi" type="simple" />
            <root url="jar://$USER_HOME$/.jdks/corretto-11.0.22/lib/src.zip!/java.transaction.xa" type="simple" />
            <root url="jar://$USER_HOME$/.jdks/corretto-11.0.22/lib/src.zip!/jdk.crypto.cryptoki" type="simple" />
            <root url="jar://$USER_HOME$/.jdks/corretto-11.0.22/lib/src.zip!/jdk.internal.jvmstat" type="simple" />
            <root url="jar://$USER_HOME$/.jdks/corretto-11.0.22/lib/src.zip!/jdk.management.agent" type="simple" />
            <root url="jar://$USER_HOME$/.jdks/corretto-11.0.22/lib/src.zip!/jdk.scripting.nashorn" type="simple" />
            <root url="jar://$USER_HOME$/.jdks/corretto-11.0.22/lib/src.zip!/jdk.unsupported.desktop" type="simple" />
            <root url="jar://$USER_HOME$/.jdks/corretto-11.0.22/lib/src.zip!/jdk.internal.vm.compiler" type="simple" />
            <root url="jar://$USER_HOME$/.jdks/corretto-11.0.22/lib/src.zip!/jdk.scripting.nashorn.shell" type="simple" />
            <root url="jar://$USER_HOME$/.jdks/corretto-11.0.22/lib/src.zip!/jdk.internal.vm.compiler.management" type="simple" />
          </root>
        </sourcePath>
      </roots>
      <additional />
    </jdk>
    <jdk version="2">
      <name value="17" />
      <type value="JavaSDK" />
      <version value="java version &quot;17.0.10&quot;" />
      <homePath value="$USER_HOME$/.jdks/corretto-17.0.10" />
      <roots>
        <annotationsPath>
          <root type="composite">
            <root url="jar://$APPLICATION_HOME_DIR$/plugins/java/lib/resources/jdkAnnotations.jar!/" type="simple" />
          </root>
        </annotationsPath>
        <classPath>
          <root type="composite">
            <root url="jrt://$USER_HOME$/.jdks/corretto-17.0.10!/java.base" type="simple" />
            <root url="jrt://$USER_HOME$/.jdks/corretto-17.0.10!/java.compiler" type="simple" />
            <root url="jrt://$USER_HOME$/.jdks/corretto-17.0.10!/java.datatransfer" type="simple" />
            <root url="jrt://$USER_HOME$/.jdks/corretto-17.0.10!/java.desktop" type="simple" />
            <root url="jrt://$USER_HOME$/.jdks/corretto-17.0.10!/java.instrument" type="simple" />
            <root url="jrt://$USER_HOME$/.jdks/corretto-17.0.10!/java.logging" type="simple" />
            <root url="jrt://$USER_HOME$/.jdks/corretto-17.0.10!/java.management" type="simple" />
            <root url="jrt://$USER_HOME$/.jdks/corretto-17.0.10!/java.management.rmi" type="simple" />
            <root url="jrt://$USER_HOME$/.jdks/corretto-17.0.10!/java.naming" type="simple" />
            <root url="jrt://$USER_HOME$/.jdks/corretto-17.0.10!/java.net.http" type="simple" />
            <root url="jrt://$USER_HOME$/.jdks/corretto-17.0.10!/java.prefs" type="simple" />
            <root url="jrt://$USER_HOME$/.jdks/corretto-17.0.10!/java.rmi" type="simple" />
            <root url="jrt://$USER_HOME$/.jdks/corretto-17.0.10!/java.scripting" type="simple" />
            <root url="jrt://$USER_HOME$/.jdks/corretto-17.0.10!/java.se" type="simple" />
            <root url="jrt://$USER_HOME$/.jdks/corretto-17.0.10!/java.security.jgss" type="simple" />
            <root url="jrt://$USER_HOME$/.jdks/corretto-17.0.10!/java.security.sasl" type="simple" />
            <root url="jrt://$USER_HOME$/.jdks/corretto-17.0.10!/java.smartcardio" type="simple" />
            <root url="jrt://$USER_HOME$/.jdks/corretto-17.0.10!/java.sql" type="simple" />
            <root url="jrt://$USER_HOME$/.jdks/corretto-17.0.10!/java.sql.rowset" type="simple" />
            <root url="jrt://$USER_HOME$/.jdks/corretto-17.0.10!/java.transaction.xa" type="simple" />
            <root url="jrt://$USER_HOME$/.jdks/corretto-17.0.10!/java.xml" type="simple" />
            <root url="jrt://$USER_HOME$/.jdks/corretto-17.0.10!/java.xml.crypto" type="simple" />
            <root url="jrt://$USER_HOME$/.jdks/corretto-17.0.10!/jdk.accessibility" type="simple" />
            <root url="jrt://$USER_HOME$/.jdks/corretto-17.0.10!/jdk.attach" type="simple" />
            <root url="jrt://$USER_HOME$/.jdks/corretto-17.0.10!/jdk.charsets" type="simple" />
            <root url="jrt://$USER_HOME$/.jdks/corretto-17.0.10!/jdk.compiler" type="simple" />
            <root url="jrt://$USER_HOME$/.jdks/corretto-17.0.10!/jdk.crypto.cryptoki" type="simple" />
            <root url="jrt://$USER_HOME$/.jdks/corretto-17.0.10!/jdk.crypto.ec" type="simple" />
            <root url="jrt://$USER_HOME$/.jdks/corretto-17.0.10!/jdk.crypto.mscapi" type="simple" />
            <root url="jrt://$USER_HOME$/.jdks/corretto-17.0.10!/jdk.dynalink" type="simple" />
            <root url="jrt://$USER_HOME$/.jdks/corretto-17.0.10!/jdk.editpad" type="simple" />
            <root url="jrt://$USER_HOME$/.jdks/corretto-17.0.10!/jdk.hotspot.agent" type="simple" />
            <root url="jrt://$USER_HOME$/.jdks/corretto-17.0.10!/jdk.httpserver" type="simple" />
            <root url="jrt://$USER_HOME$/.jdks/corretto-17.0.10!/jdk.incubator.foreign" type="simple" />
            <root url="jrt://$USER_HOME$/.jdks/corretto-17.0.10!/jdk.incubator.vector" type="simple" />
            <root url="jrt://$USER_HOME$/.jdks/corretto-17.0.10!/jdk.internal.ed" type="simple" />
            <root url="jrt://$USER_HOME$/.jdks/corretto-17.0.10!/jdk.internal.jvmstat" type="simple" />
            <root url="jrt://$USER_HOME$/.jdks/corretto-17.0.10!/jdk.internal.le" type="simple" />
            <root url="jrt://$USER_HOME$/.jdks/corretto-17.0.10!/jdk.internal.opt" type="simple" />
            <root url="jrt://$USER_HOME$/.jdks/corretto-17.0.10!/jdk.internal.vm.ci" type="simple" />
            <root url="jrt://$USER_HOME$/.jdks/corretto-17.0.10!/jdk.internal.vm.compiler" type="simple" />
            <root url="jrt://$USER_HOME$/.jdks/corretto-17.0.10!/jdk.internal.vm.compiler.management" type="simple" />
            <root url="jrt://$USER_HOME$/.jdks/corretto-17.0.10!/jdk.jartool" type="simple" />
            <root url="jrt://$USER_HOME$/.jdks/corretto-17.0.10!/jdk.javadoc" type="simple" />
            <root url="jrt://$USER_HOME$/.jdks/corretto-17.0.10!/jdk.jcmd" type="simple" />
            <root url="jrt://$USER_HOME$/.jdks/corretto-17.0.10!/jdk.jconsole" type="simple" />
            <root url="jrt://$USER_HOME$/.jdks/corretto-17.0.10!/jdk.jdeps" type="simple" />
            <root url="jrt://$USER_HOME$/.jdks/corretto-17.0.10!/jdk.jdi" type="simple" />
            <root url="jrt://$USER_HOME$/.jdks/corretto-17.0.10!/jdk.jdwp.agent" type="simple" />
            <root url="jrt://$USER_HOME$/.jdks/corretto-17.0.10!/jdk.jfr" type="simple" />
            <root url="jrt://$USER_HOME$/.jdks/corretto-17.0.10!/jdk.jlink" type="simple" />
            <root url="jrt://$USER_HOME$/.jdks/corretto-17.0.10!/jdk.jpackage" type="simple" />
            <root url="jrt://$USER_HOME$/.jdks/corretto-17.0.10!/jdk.jshell" type="simple" />
            <root url="jrt://$USER_HOME$/.jdks/corretto-17.0.10!/jdk.jsobject" type="simple" />
            <root url="jrt://$USER_HOME$/.jdks/corretto-17.0.10!/jdk.jstatd" type="simple" />
            <root url="jrt://$USER_HOME$/.jdks/corretto-17.0.10!/jdk.localedata" type="simple" />
            <root url="jrt://$USER_HOME$/.jdks/corretto-17.0.10!/jdk.management" type="simple" />
            <root url="jrt://$USER_HOME$/.jdks/corretto-17.0.10!/jdk.management.agent" type="simple" />
            <root url="jrt://$USER_HOME$/.jdks/corretto-17.0.10!/jdk.management.jfr" type="simple" />
            <root url="jrt://$USER_HOME$/.jdks/corretto-17.0.10!/jdk.naming.dns" type="simple" />
            <root url="jrt://$USER_HOME$/.jdks/corretto-17.0.10!/jdk.naming.rmi" type="simple" />
            <root url="jrt://$USER_HOME$/.jdks/corretto-17.0.10!/jdk.net" type="simple" />
            <root url="jrt://$USER_HOME$/.jdks/corretto-17.0.10!/jdk.nio.mapmode" type="simple" />
            <root url="jrt://$USER_HOME$/.jdks/corretto-17.0.10!/jdk.random" type="simple" />
            <root url="jrt://$USER_HOME$/.jdks/corretto-17.0.10!/jdk.sctp" type="simple" />
            <root url="jrt://$USER_HOME$/.jdks/corretto-17.0.10!/jdk.security.auth" type="simple" />
            <root url="jrt://$USER_HOME$/.jdks/corretto-17.0.10!/jdk.security.jgss" type="simple" />
            <root url="jrt://$USER_HOME$/.jdks/corretto-17.0.10!/jdk.unsupported" type="simple" />
            <root url="jrt://$USER_HOME$/.jdks/corretto-17.0.10!/jdk.unsupported.desktop" type="simple" />
            <root url="jrt://$USER_HOME$/.jdks/corretto-17.0.10!/jdk.xml.dom" type="simple" />
            <root url="jrt://$USER_HOME$/.jdks/corretto-17.0.10!/jdk.zipfs" type="simple" />
          </root>
        </classPath>
        <javadocPath>
          <root type="composite" />
        </javadocPath>
        <sourcePath>
          <root type="composite">
            <root url="jar://$USER_HOME$/.jdks/corretto-17.0.10/lib/src.zip!/java.se" type="simple" />
            <root url="jar://$USER_HOME$/.jdks/corretto-17.0.10/lib/src.zip!/jdk.jdi" type="simple" />
            <root url="jar://$USER_HOME$/.jdks/corretto-17.0.10/lib/src.zip!/jdk.jfr" type="simple" />
            <root url="jar://$USER_HOME$/.jdks/corretto-17.0.10/lib/src.zip!/jdk.net" type="simple" />
            <root url="jar://$USER_HOME$/.jdks/corretto-17.0.10/lib/src.zip!/java.rmi" type="simple" />
            <root url="jar://$USER_HOME$/.jdks/corretto-17.0.10/lib/src.zip!/java.sql" type="simple" />
            <root url="jar://$USER_HOME$/.jdks/corretto-17.0.10/lib/src.zip!/java.xml" type="simple" />
            <root url="jar://$USER_HOME$/.jdks/corretto-17.0.10/lib/src.zip!/jdk.jcmd" type="simple" />
            <root url="jar://$USER_HOME$/.jdks/corretto-17.0.10/lib/src.zip!/jdk.sctp" type="simple" />
            <root url="jar://$USER_HOME$/.jdks/corretto-17.0.10/lib/src.zip!/java.base" type="simple" />
            <root url="jar://$USER_HOME$/.jdks/corretto-17.0.10/lib/src.zip!/jdk.jdeps" type="simple" />
            <root url="jar://$USER_HOME$/.jdks/corretto-17.0.10/lib/src.zip!/jdk.jlink" type="simple" />
            <root url="jar://$USER_HOME$/.jdks/corretto-17.0.10/lib/src.zip!/jdk.zipfs" type="simple" />
            <root url="jar://$USER_HOME$/.jdks/corretto-17.0.10/lib/src.zip!/java.prefs" type="simple" />
            <root url="jar://$USER_HOME$/.jdks/corretto-17.0.10/lib/src.zip!/jdk.attach" type="simple" />
            <root url="jar://$USER_HOME$/.jdks/corretto-17.0.10/lib/src.zip!/jdk.jshell" type="simple" />
            <root url="jar://$USER_HOME$/.jdks/corretto-17.0.10/lib/src.zip!/jdk.jstatd" type="simple" />
            <root url="jar://$USER_HOME$/.jdks/corretto-17.0.10/lib/src.zip!/jdk.random" type="simple" />
            <root url="jar://$USER_HOME$/.jdks/corretto-17.0.10/lib/src.zip!/java.naming" type="simple" />
            <root url="jar://$USER_HOME$/.jdks/corretto-17.0.10/lib/src.zip!/jdk.editpad" type="simple" />
            <root url="jar://$USER_HOME$/.jdks/corretto-17.0.10/lib/src.zip!/jdk.jartool" type="simple" />
            <root url="jar://$USER_HOME$/.jdks/corretto-17.0.10/lib/src.zip!/jdk.javadoc" type="simple" />
            <root url="jar://$USER_HOME$/.jdks/corretto-17.0.10/lib/src.zip!/jdk.xml.dom" type="simple" />
            <root url="jar://$USER_HOME$/.jdks/corretto-17.0.10/lib/src.zip!/java.desktop" type="simple" />
            <root url="jar://$USER_HOME$/.jdks/corretto-17.0.10/lib/src.zip!/java.logging" type="simple" />
            <root url="jar://$USER_HOME$/.jdks/corretto-17.0.10/lib/src.zip!/jdk.charsets" type="simple" />
            <root url="jar://$USER_HOME$/.jdks/corretto-17.0.10/lib/src.zip!/jdk.compiler" type="simple" />
            <root url="jar://$USER_HOME$/.jdks/corretto-17.0.10/lib/src.zip!/jdk.dynalink" type="simple" />
            <root url="jar://$USER_HOME$/.jdks/corretto-17.0.10/lib/src.zip!/jdk.jconsole" type="simple" />
            <root url="jar://$USER_HOME$/.jdks/corretto-17.0.10/lib/src.zip!/jdk.jpackage" type="simple" />
            <root url="jar://$USER_HOME$/.jdks/corretto-17.0.10/lib/src.zip!/jdk.jsobject" type="simple" />
            <root url="jar://$USER_HOME$/.jdks/corretto-17.0.10/lib/src.zip!/java.compiler" type="simple" />
            <root url="jar://$USER_HOME$/.jdks/corretto-17.0.10/lib/src.zip!/java.net.http" type="simple" />
            <root url="jar://$USER_HOME$/.jdks/corretto-17.0.10/lib/src.zip!/jdk.crypto.ec" type="simple" />
            <root url="jar://$USER_HOME$/.jdks/corretto-17.0.10/lib/src.zip!/java.scripting" type="simple" />
            <root url="jar://$USER_HOME$/.jdks/corretto-17.0.10/lib/src.zip!/jdk.httpserver" type="simple" />
            <root url="jar://$USER_HOME$/.jdks/corretto-17.0.10/lib/src.zip!/jdk.jdwp.agent" type="simple" />
            <root url="jar://$USER_HOME$/.jdks/corretto-17.0.10/lib/src.zip!/jdk.localedata" type="simple" />
            <root url="jar://$USER_HOME$/.jdks/corretto-17.0.10/lib/src.zip!/jdk.management" type="simple" />
            <root url="jar://$USER_HOME$/.jdks/corretto-17.0.10/lib/src.zip!/jdk.naming.dns" type="simple" />
            <root url="jar://$USER_HOME$/.jdks/corretto-17.0.10/lib/src.zip!/jdk.naming.rmi" type="simple" />
            <root url="jar://$USER_HOME$/.jdks/corretto-17.0.10/lib/src.zip!/java.instrument" type="simple" />
            <root url="jar://$USER_HOME$/.jdks/corretto-17.0.10/lib/src.zip!/java.management" type="simple" />
            <root url="jar://$USER_HOME$/.jdks/corretto-17.0.10/lib/src.zip!/java.sql.rowset" type="simple" />
            <root url="jar://$USER_HOME$/.jdks/corretto-17.0.10/lib/src.zip!/java.xml.crypto" type="simple" />
            <root url="jar://$USER_HOME$/.jdks/corretto-17.0.10/lib/src.zip!/jdk.internal.ed" type="simple" />
            <root url="jar://$USER_HOME$/.jdks/corretto-17.0.10/lib/src.zip!/jdk.internal.le" type="simple" />
            <root url="jar://$USER_HOME$/.jdks/corretto-17.0.10/lib/src.zip!/jdk.nio.mapmode" type="simple" />
            <root url="jar://$USER_HOME$/.jdks/corretto-17.0.10/lib/src.zip!/jdk.unsupported" type="simple" />
            <root url="jar://$USER_HOME$/.jdks/corretto-17.0.10/lib/src.zip!/java.smartcardio" type="simple" />
            <root url="jar://$USER_HOME$/.jdks/corretto-17.0.10/lib/src.zip!/jdk.internal.opt" type="simple" />
            <root url="jar://$USER_HOME$/.jdks/corretto-17.0.10/lib/src.zip!/java.datatransfer" type="simple" />
            <root url="jar://$USER_HOME$/.jdks/corretto-17.0.10/lib/src.zip!/jdk.accessibility" type="simple" />
            <root url="jar://$USER_HOME$/.jdks/corretto-17.0.10/lib/src.zip!/jdk.crypto.mscapi" type="simple" />
            <root url="jar://$USER_HOME$/.jdks/corretto-17.0.10/lib/src.zip!/jdk.hotspot.agent" type="simple" />
            <root url="jar://$USER_HOME$/.jdks/corretto-17.0.10/lib/src.zip!/jdk.security.auth" type="simple" />
            <root url="jar://$USER_HOME$/.jdks/corretto-17.0.10/lib/src.zip!/jdk.security.jgss" type="simple" />
            <root url="jar://$USER_HOME$/.jdks/corretto-17.0.10/lib/src.zip!/java.security.jgss" type="simple" />
            <root url="jar://$USER_HOME$/.jdks/corretto-17.0.10/lib/src.zip!/java.security.sasl" type="simple" />
            <root url="jar://$USER_HOME$/.jdks/corretto-17.0.10/lib/src.zip!/jdk.internal.vm.ci" type="simple" />
            <root url="jar://$USER_HOME$/.jdks/corretto-17.0.10/lib/src.zip!/jdk.management.jfr" type="simple" />
            <root url="jar://$USER_HOME$/.jdks/corretto-17.0.10/lib/src.zip!/java.management.rmi" type="simple" />
            <root url="jar://$USER_HOME$/.jdks/corretto-17.0.10/lib/src.zip!/java.transaction.xa" type="simple" />
            <root url="jar://$USER_HOME$/.jdks/corretto-17.0.10/lib/src.zip!/jdk.crypto.cryptoki" type="simple" />
            <root url="jar://$USER_HOME$/.jdks/corretto-17.0.10/lib/src.zip!/jdk.incubator.vector" type="simple" />
            <root url="jar://$USER_HOME$/.jdks/corretto-17.0.10/lib/src.zip!/jdk.internal.jvmstat" type="simple" />
            <root url="jar://$USER_HOME$/.jdks/corretto-17.0.10/lib/src.zip!/jdk.management.agent" type="simple" />
            <root url="jar://$USER_HOME$/.jdks/corretto-17.0.10/lib/src.zip!/jdk.incubator.foreign" type="simple" />
            <root url="jar://$USER_HOME$/.jdks/corretto-17.0.10/lib/src.zip!/jdk.unsupported.desktop" type="simple" />
            <root url="jar://$USER_HOME$/.jdks/corretto-17.0.10/lib/src.zip!/jdk.internal.vm.compiler" type="simple" />
            <root url="jar://$USER_HOME$/.jdks/corretto-17.0.10/lib/src.zip!/jdk.internal.vm.compiler.management" type="simple" />
          </root>
        </sourcePath>
      </roots>
      <additional />
    </jdk>
  </component>
</application>