<application>
  <component name="CachedDictionaryState">
    <words>
      <w>alist</w>
      <w>apifox</w>
      <w>bilibili</w>
      <w>chatgpt</w>
      <w>csdn</w>
      <w>douyin</w>
      <w>endswitch</w>
      <w>finalshell</w>
      <w>findstr</w>
      <w>gitee</w>
      <w>gitpod</w>
      <w>hbdms</w>
      <w>ifconfig</w>
      <w>ipconfig</w>
      <w>jpanel</w>
      <w>leetcode</w>
      <w>nacos</w>
      <w>pikpak</w>
      <w>seata</w>
      <w>shein</w>
      <w>strm</w>
      <w>typora</w>
      <w>vercel</w>
      <w>xxxdo</w>
    </words>
  </component>
</application>